Team Name,Team ID,Default Channel,Default Meeting Day and Time,Meeting Channel,Meeting Day and Time,Participant ID
Building Software Systems,CENG431,Assistants,Wednesday 01:00 AM,"45",Public1,Wednesday 12:45 AM,Public2,Tuesday 12:10 PM,Denemeeee,Monday 03:02 AM,General,Tuesday 12:00 PM,PrivateTu?kan,Tuesday 12:11 PM,"141"
Programming Fundamentals,CENG211,General,Tuesday 09:45 AM,Private1,Monday 12:00 AM,"516",Public1,Monday 00:00 AM,Deneme,Wednesday 01:23 PM
Advanced Algorithms,CENG611,General,Wednesday 13:30 PM
TEAMSTECH
