{
    "84207": {
        "name": "Deneme",
        "state": "NotStarted",
        "type": "Assembly"
    },
    "46210": {
        "58534": {
            "35224": {
                "name": "AdemPart",
                "state": "Completed",
                "type": "Part"
            },
            "name": "Deneme",
            "12345": {
                "name": "DenemePart",
                "state": "Completed",
                "type": "Part"
            },
            "state": "Completed",
            "type": "Assembly"
        },
        "name": "Deneme",
        "state": "Completed",
        "type": "Assembly"
    }
}