{
    "Burak": {
        "password": "123456",
        "type": "Employee"
    },
    "Adem": {
        "password": "123456",
        "type": "Employee"
    },
    "Selahattin": {
        "password": "123456",
        "type": "Employee"
    },
    "Manager": {
        "password": "123456",
        "type": "Manager"
    },
    "Furkan": {
        "password": "123456",
        "type": "Manager"
    },
    "Furkannaa": {
        "password": "123456",
        "type": "Employee"
    }
}